有限会社フードショップセブン,秋田県由利本荘市岩城勝手字新谷１－６
株式会社ジェイエイ秋田しんせいサービス／Ａコープ子吉店／小売米専用フリーアクセス,秋田県由利本荘市埋田字小館８１－１６
マックスバリュ／石脇店,秋田県由利本荘市石脇字田尻野４－６２
株式会社ジェイエイ秋田しんせいサービス,秋田県由利本荘市埋田字小館８１－１６
マックスバリュ／本荘店,秋田県由利本荘市東梵天２５７
マックスバリュ／新川口店,秋田県由利本荘市川口字八幡前３－１９６
マルホンカウボーイ本荘店,秋田県由利本荘市二番堰５７－１
株式会社ジェイエイ秋田しんせいサービス／Ａコープ子吉店,秋田県由利本荘市埋田字小館８１－１６
タカヤナギグランマート／石脇店,秋田県由利本荘市石脇字田尻野２－４
株式会社本荘消費,秋田県由利本荘市本荘２７
株式会社ジェイエイ秋田しんせいサービス／Ａコープおおうち店,秋田県由利本荘市大内三川字三川３８
株式会社ジェイエイ秋田しんせいサービス／Ａコープやしま店,秋田県由利本荘市矢島町七日町字熊之堂１３１－１
業務スーパー本荘鶴沼店,秋田県由利本荘市鶴沼４３－４
イオンスーパーセンター本荘店,秋田県由利本荘市石脇字田中１３８
タカヤナギグランマート／一番堰店,秋田県由利本荘市一番堰１３５
マックスバリュ矢島店,秋田県由利本荘市矢島町元町字大川原１２３
株式会社タカヤナギグランマート本荘南店,秋田県由利本荘市堤脇１５
マックスバリュ／本荘中央店,秋田県由利本荘市岩渕下１８
ナイス本荘インター店,秋田県由利本荘市上大野１５７
スーパーぷれっそ,秋田県由利本荘市東由利老方字畑田３８－１
ジェイマルエー生鮮館本荘石脇店,秋田県由利本荘市石脇字田尻野１４－６
マックスバリュ新西目店,秋田県由利本荘市西目町沼田字新道下１１１１－１
株式会社ジェイエイ秋田しんせいサービス／Ａコープ鳥海,秋田県由利本荘市鳥海町上笹子字堺台１０９－１
タカヤナギグランマート／石脇店,秋田県由利本荘市石脇字田尻野２－４
株式会社ジェイエイ秋田しんせいサービス／Ａコープ子吉店,秋田県由利本荘市埋田字小館８１－３
株式会社本荘消費,秋田県由利本荘市本荘２７
株式会社ジェイエイ秋田しんせいサービス／Ａコープやしま店,秋田県由利本荘市矢島町七日町字熊之堂１３１－１
株式会社ジェイエイ秋田しんせいサービス／Ａコープおおうち店,秋田県由利本荘市大内三川字三川３８
株式会社ジェイエイ秋田しんせいサービス,秋田県由利本荘市埋田字小館８１－１６
業務スーパー本荘鶴沼店,秋田県由利本荘市鶴沼４３－４
マックスバリュ／本荘店,秋田県由利本荘市東梵天２５７
由利高原観光開発,秋田県由利本荘市久保田字大柳２－１
株式会社サンウェイ,秋田県由利本荘市大鍬町３７７－１
株式会社いじま,秋田県由利本荘市八幡下４３－４
須田五円堂商店,秋田県由利本荘市円正脇４１－１２
有限会社斉藤商店,秋田県由利本荘市中梵天２１－１
佐藤長之助商店,秋田県由利本荘市鳥海町上笹子字下野１０９－２
阿部尚一商店,秋田県由利本荘市羽広字下村１０１
ふじい商店,秋田県由利本荘市石脇字田尻野１０－３８
尾留川商店,秋田県由利本荘市前郷字前郷２９－１
加賀谷リヨウ,秋田県由利本荘市岩谷麓字水上１７２
高山食品,秋田県由利本荘市西目町沼田字新道下２－７８１
有限会社柴田商店,秋田県由利本荘市石脇字石脇６２
まるぜん商店,秋田県由利本荘市松本字道添８７－１
柴田商店,秋田県由利本荘市鳥海町下直根字中村５８
Ｙショップ佐藤,秋田県由利本荘市西目町沼田字弁天前２－３
丸源商店,秋田県由利本荘市本荘５３
矢野総合食品,秋田県由利本荘市岩城亀田愛宕町字徒士町３２－３
有限会社まるみや,秋田県由利本荘市東町６３－７
豊島商店,秋田県由利本荘市玉ノ池字元屋布６６－１
みどりや,秋田県由利本荘市矢島町田中町２９
やましち商店,秋田県由利本荘市東由利老方字老方２４
土田テイコ商店,秋田県由利本荘市鳥海町上笹子字下野２－６
マルイチストアー,秋田県由利本荘市松ヶ崎字金洗川１３－１
生駒商店,秋田県由利本荘市花畑町１丁目１０８
工藤商店,秋田県由利本荘市岩城亀田最上町字最上町１２２
菊地商店,秋田県由利本荘市岩城勝手字川向１３
湯田長吉商店,秋田県由利本荘市岩城亀田亀田町字今町２７
有限会社ファミリーライフ,秋田県由利本荘市桜小路４３－７
長谷山商店,秋田県由利本荘市東由利黒渕字湯田５４－５
やましち商店,秋田県由利本荘市東由利老方字老方２４
有限会社柴田商店,秋田県由利本荘市石脇字石脇６２
株式会社いじま,秋田県由利本荘市八幡下４３－４
佐藤長之助商店,秋田県由利本荘市鳥海町上笹子字下野１０９－２
株式会社サンウェイ,秋田県由利本荘市大鍬町３７７－１
